{"mean": 12.008217893217893, "std": 33.79847084707281}