{"mean": 0.3288855254306689, "std": 2.4647927849288735}