{"mean": 7.819105691056911, "std": 26.024701246615308}